<?xml version="1.0"?>
<data grt_format="2.0">
  <value _ptr_="000001EAB54A6250" type="list" content-type="object" content-struct-name="db.mgmt.Connection">
    <value type="object" struct-name="db.mgmt.Connection" id="{ECACB0B0-609C-434F-82BA-732E07D2B25E}" struct-checksum="0x96ba47d8">
      <link type="object" struct-name="db.mgmt.Driver" key="driver">com.mysql.rdbms.mysql.driver.native</link>
      <value type="string" key="hostIdentifier">Mysql@localhost:3306</value>
      <value type="int" key="isDefault">0</value>
      <value _ptr_="000001EABAF71980" type="dict" key="modules"/>
      <value _ptr_="000001EABAF71EC0" type="dict" key="parameterValues">
        <value type="string" key="DbSqlEditor:LastDefaultSchema"></value>
        <value type="string" key="hostName">localhost</value>
        <value type="int" key="lastConnected">1699226799</value>
        <value type="int" key="port">3306</value>
        <value type="string" key="serverVersion">8.0.35</value>
        <value type="string" key="userName">root</value>
      </value>
      <value type="string" key="name">Local instance MySQL80</value>
      <link type="object" struct-name="GrtObject" key="owner">{4DAEEF2B-2FE8-4076-9E80-51F0ECBDB86B}</link>
    </value>
  </value>
</data>
